Product handle,Source title,Display title,Top notes,Heart or middle notes,Base notes,Scent family,Audience,Mood,Occasion,Strength,Quiz eligible,Missing information,Source URL,Review status,Owner notes
cheirosa-48-sol-de-janeiro-type,Cheirosa 48 (Sol de Janeiro)- type,Cheirosa 48 (Sol de Janeiro)- Type,,,,,women,,,,no,topNotes; heartNotes; baseNotes; scentFamily,https://justmyscent.online/products/cheirosa-48-sol-de-janeiro-type,needs-owner-review,
lhomme-yves-saint-laurent-type,L'Homme (Yves Saint Laurent) -type,L'Homme (Yves Saint Laurent) Type,,,,,men,,,,no,topNotes; heartNotes; baseNotes; scentFamily,https://justmyscent.online/products/lhomme-yves-saint-laurent-type,needs-owner-review,
eros-flame-m-type,Eros Flame (M)-type,Eros Flame (M)-type,,,,,men,,,,no,topNotes; heartNotes; baseNotes; scentFamily,https://justmyscent.online/products/eros-flame-m-type,needs-owner-review,
vanilla-sex-u-type,Vanilla Sex (U)-type,Vanilla Sex (U)-type,Bitter almond,Flowers; Vanilla tincture,Vanilla absolute; Tonka bean absolute; Sandalwood,,unisex,,,,no,scentFamily,https://justmyscent.online/products/vanilla-sex-u-type,needs-owner-review,
club-de-nuit-intense-amarf-type,Club de Nuit Intense (Amarf)- type,Club de Nuit Intense (Amarf)- Type,,,,,men,,,,no,topNotes; heartNotes; baseNotes; scentFamily,https://justmyscent.online/products/club-de-nuit-intense-amarf-type,needs-owner-review,
valaya-parfums-de-marley-type,Valaya (Parfums de Marley)-type,Valaya (Parfums de Marley)-type,,,,,women,,,,no,topNotes; heartNotes; baseNotes; scentFamily,https://justmyscent.online/products/valaya-parfums-de-marley-type,needs-owner-review,
cherry-in-the-air-escada-type,Cherry in the Air (Escada)-type,Cherry in the Air (Escada)-type,,,,,women,,,,no,topNotes; heartNotes; baseNotes; scentFamily,https://justmyscent.online/products/cherry-in-the-air-escada-type,needs-owner-review,
black-opium-over-red-yves-st,Black Opium over Red (Yves St. Laurent)- type,Black Opium over Red (Yves St. Laurent)- Type,,,,,women,,,,no,topNotes; heartNotes; baseNotes; scentFamily,https://justmyscent.online/products/black-opium-over-red-yves-st,needs-owner-review,
pistachio-gelato-kay-ali-type,Pistachio Gelato (Kay Ali)- type,Pistachio Gelato (Kay Ali)- Type,,,,,women,,,,no,topNotes; heartNotes; baseNotes; scentFamily,https://justmyscent.online/products/pistachio-gelato-kay-ali-type,needs-owner-review,
glazed-donut-truly-type,Glazed Donut (Truly) - type,Glazed Donut (Truly) Type,,,,,women,,,,no,topNotes; heartNotes; baseNotes; scentFamily,https://justmyscent.online/products/glazed-donut-truly-type,needs-owner-review,
eden-juicy-apple-kay-ali-type,Eden Juicy Apple (Kay Ali) -type,Eden Juicy Apple (Kay Ali) Type,,,,,women,,,,no,topNotes; heartNotes; baseNotes; scentFamily,https://justmyscent.online/products/eden-juicy-apple-kay-ali-type,needs-owner-review,
gentle-fluidity-gold-maison-francis-kurkdjian,Gentle Fluidity Gold (Maison Francis Kurkdjian) Type,Gentle Fluidity Gold (Maison Francis Kurkdjian) Type,,,,,unisex,,,,no,topNotes; heartNotes; baseNotes; scentFamily,https://justmyscent.online/products/gentle-fluidity-gold-maison-francis-kurkdjian,needs-owner-review,
vanilla-candy-rock-sugar-kay-ali,Vanilla Candy Rock Sugar (Kay Ali),Vanilla Candy Rock Sugar (Kay Ali),,,,,women,,,,no,topNotes; heartNotes; baseNotes; scentFamily,https://justmyscent.online/products/vanilla-candy-rock-sugar-kay-ali,needs-owner-review,
vanilla-28-inspired-by-kayali,Vanilla 28 (KayAli) Type,Vanilla 28 (KayAli) Type,,,,,women,,,,no,topNotes; heartNotes; baseNotes; scentFamily,https://justmyscent.online/products/vanilla-28-inspired-by-kayali,needs-owner-review,
tuxedo-yves-saint-laurent-type-unisex,Tuxedo (Yves Saint Laurent) Type (U),Tuxedo (Yves Saint Laurent) Type (U),Violet Leaf; Coriander; Bergamot,Rose; Black Pepper; Lily-of-the-Valley,Patchouli; Bourbon Vanilla; Ambergris,,unisex,,,,no,scentFamily,https://justmyscent.online/products/tuxedo-yves-saint-laurent-type-unisex,needs-owner-review,
voce-viva-valentino-type-w-1,Voce Viva (Valentino) Type (W),Voce Viva (Valentino) Type (W),Mandarin Orange; Bergamot; Ginger,Orange Blossom; Gardenia,Vanilla; Tonka Bean; Musk; Sandalwood; Oakmoss.,,women,,,,no,scentFamily,https://justmyscent.online/products/voce-viva-valentino-type-w-1,needs-owner-review,
viking-creed-type,Viking (Creed)-Type (M),Viking (Creed)-Type (M),Pink Pepper; Peppermint; Bergamot; Lemon; Absinthe; Orange,Lavender; Bulgarian Rose; Clove; Allspice; Orris Root; Jasmine,Vetiver; Cedar; White Musk; Tonka Bean.,,men,,,,no,scentFamily,https://justmyscent.online/products/viking-creed-type,needs-owner-review,
versace-pour-femme-dylan-blue-versace-type-1,Versace Pour Femme Dylan Blue (Versace)-Type (W),Versace Pour Femme Dylan Blue (Versace)-Type (W),Granny Smith apple; Black Currant; Clover; Forget me not; Shiso,Peach; Petalia; Rose Hip; Rose; Jasmine,Musk; White Woods; Patchouli; Styrax.,,women,,,,no,scentFamily,https://justmyscent.online/products/versace-pour-femme-dylan-blue-versace-type-1,needs-owner-review,
trench-yves-saint-laurent-type,Trench (Yves Saint Laurent)-Type (Unisex),Trench (Yves Saint Laurent)-Type (Unisex),Tangerine; Bergamot; Fig,Iris; Neroli,Musk; Ambrette (Musk Mallow); Cedar.,,unisex,,,,no,scentFamily,https://justmyscent.online/products/trench-yves-saint-laurent-type,needs-owner-review,
valentino-uomo-intense-valentino-type,Valentino Uomo Intense (Valentino)-Type,Valentino Uomo Intense (Valentino)-Type,Mandarin Orange; Clary Sage,Iris; Tonka Bean,Vanilla; Leather.,,men,,,,no,scentFamily,https://justmyscent.online/products/valentino-uomo-intense-valentino-type,needs-owner-review,
the-most-wanted-azzaro-type,The Most Wanted (Azzaro)-Type,The Most Wanted (Azzaro)-Type,,,is Bourbon Vanilla.,,men,,,,no,topNotes; heartNotes; scentFamily,https://justmyscent.online/products/the-most-wanted-azzaro-type,needs-owner-review,
rebl-fleur-rhianna-type,Reb'l Fleur (Rhianna)-Type,Reb'l Fleur (Rhianna)-Type,,,,,women,,,,no,topNotes; heartNotes; baseNotes; scentFamily,https://justmyscent.online/products/rebl-fleur-rhianna-type,needs-owner-review,
donna-born-in-roma-valentino-type,Donna Born in Roma (Valentino)- type,Donna Born in Roma (Valentino)- Type,,,,,women,,,,no,topNotes; heartNotes; baseNotes; scentFamily,https://justmyscent.online/products/donna-born-in-roma-valentino-type,needs-owner-review,
oud-for-greatness-initio-parfumes-privesunisex-type,Oud for Greatness (Initio Parfumes Prives)Unisex- type,Oud for Greatness (Initio Parfumes Prives)Unisex- Type,,Argarwood (Oud) Base notes are Patchouli &amp; Musk,,,unisex,,,,no,topNotes; baseNotes; scentFamily,https://justmyscent.online/products/oud-for-greatness-initio-parfumes-privesunisex-type,needs-owner-review,
1-million-paco-rabanne-type,1 Million (Paco Rabanne)- type,1 Million (Paco Rabanne)- Type,,,,,men,,,,no,topNotes; heartNotes; baseNotes; scentFamily,https://justmyscent.online/products/1-million-paco-rabanne-type,needs-owner-review,
pacific-chill-louis-vuitton-unisex-type,Pacific Chill (Louis Vuitton) Unisex- type,Pacific Chill (Louis Vuitton) Unisex- Type,,,,,unisex,,,,no,topNotes; heartNotes; baseNotes; scentFamily,https://justmyscent.online/products/pacific-chill-louis-vuitton-unisex-type,needs-owner-review,
oud-wood-tom-ford-unisex-type,Oud Wood (Tom Ford) Unisex- type,Oud Wood (Tom Ford) Unisex- Type,,,,,unisex,,,,no,topNotes; heartNotes; baseNotes; scentFamily,https://justmyscent.online/products/oud-wood-tom-ford-unisex-type,needs-owner-review,
my-waygiorgio-armani-type,MY WAY(Giorgio Armani) - type,MY WAY(Giorgio Armani) Type,,,,,women,,,,no,topNotes; heartNotes; baseNotes; scentFamily,https://justmyscent.online/products/my-waygiorgio-armani-type,needs-owner-review,
narciso-eau-de-parfum-cristal-narciso-rodriguez-type-1,Narciso Eau de Parfum Cristal (Narciso Rodriguez)-type,Narciso Eau de Parfum Cristal (Narciso Rodriguez)-type,Freesia; Orange Blossom; Bergamo,Musk; Rose; White Flowers; Jasmine Base notes are Cashmeran; Cedar; Amber; Benzoin.,,,women,,,,no,baseNotes; scentFamily,https://justmyscent.online/products/narciso-eau-de-parfum-cristal-narciso-rodriguez-type-1,needs-owner-review,
my-way-yves-saint-laurent-type,MYSELF (Yves Saint Laurent)- type,MYSELF (Yves Saint Laurent)- Type,,,,,men,,,,no,topNotes; heartNotes; baseNotes; scentFamily,https://justmyscent.online/products/my-way-yves-saint-laurent-type,needs-owner-review,
ombre-leather-tom-ford-type,Ombre Leather (Tom Ford)-type,Ombre Leather (Tom Ford)-type,,,,Leather,women,,,,no,topNotes; heartNotes; baseNotes,https://justmyscent.online/products/ombre-leather-tom-ford-type,needs-owner-review,
lhomme-sport-yves-saint-laurent-type,L'Homme Sport (Yves Saint Laurent)- type,L'Homme Sport (Yves Saint Laurent)- Type,,,,,men,,,,no,topNotes; heartNotes; baseNotes; scentFamily,https://justmyscent.online/products/lhomme-sport-yves-saint-laurent-type,needs-owner-review,
yum-boujee-marshmellow,Yum Boujee Marshmellow,Yum Boujee Marshmellow,Pink Lady Apple; Italian Lemon; Freesia; Nectarine Blossom,Orange Blossom Water; Pink Marshmallow; Strawberry; Coconut Flakes,Whipped Vanilla; Raspberry Sugar; Pink Musk; Ambrox; Kayali Signature Accord,,unisex,,,,no,scentFamily,https://justmyscent.online/products/yum-boujee-marshmellow,needs-owner-review,
y,Y,Y,Apple; Ginger; Bergamot,Sage; Juniper Berries; Geranium,Amberwood; Tonka Bean; Cedar; Vetiver; Olibanum,,men,,,,no,scentFamily,https://justmyscent.online/products/y,needs-owner-review,
weekend,Weekend,Weekend,Mignonette; Mandarin Orange; Sage,Nectarine; Blue Hyacinth; Peach Blossom; Rose Hip; Iris; Red Cyclamen; Violet Root,Musk; Sandalwood; Cedar,,unisex,,,,no,scentFamily,https://justmyscent.online/products/weekend,needs-owner-review,
wanted-girl,Wanted Girl,Wanted Girl,Ginger flower; Orange blossom; Pink pepper; Pomegranate Middle (heart) notes: Dulce de leche; Datura,,Tonka bean; Patchouli; Haitian vetiver,,unisex,,,,no,heartNotes; scentFamily,https://justmyscent.online/products/wanted-girl,needs-owner-review,
very-good-girl,Very Good Girl,Very Good Girl,Litchi; Red Currant Middle (heart) note: Rose,,Vanilla; Vetiver,,unisex,,,,no,heartNotes; scentFamily,https://justmyscent.online/products/very-good-girl,needs-owner-review,
tiffany-co,TIffany & Co.,TIffany & Co.,Mandarin Orange; Bergamot; Lemon Middle (heart) notes: Iris; Rose; Black Currant; Peach,,Musk; Patchouli,,unisex,,,,no,heartNotes; scentFamily,https://justmyscent.online/products/tiffany-co,needs-owner-review,
wanted,Wanted (Azzaro)-Type (M),Wanted (Azzaro)-Type (M),Lemon; Ginger; Lavender; Mint,Apple; Guatemalan Cardamom; Juniper; Geranium,Tonka Bean; Amberwood; Haitian Vetiver,,men,,,,no,scentFamily,https://justmyscent.online/products/wanted,needs-owner-review,
viva-la-juicy-gold-couture,Viva La Juicy Gold Couture,Viva La Juicy Gold Couture,,,,,unisex,,,,no,topNotes; heartNotes; baseNotes; scentFamily,https://justmyscent.online/products/viva-la-juicy-gold-couture,needs-owner-review,
velvet-orchid,Velvet Orchid (Tom Ford) Type (W),Velvet Orchid (Tom Ford) Type (W),,,,,women,,,,no,topNotes; heartNotes; baseNotes; scentFamily,https://justmyscent.online/products/velvet-orchid,needs-owner-review,
urban-hero,Urban Hero,Urban Hero,,,,,unisex,,,,no,topNotes; heartNotes; baseNotes; scentFamily,https://justmyscent.online/products/urban-hero,needs-owner-review,
spicebomb-infrared,Spicebomb Infrared,Spicebomb Infrared,,,,,unisex,,,,no,topNotes; heartNotes; baseNotes; scentFamily,https://justmyscent.online/products/spicebomb-infrared,needs-owner-review,
so-scandal,So Scandal,So Scandal,,,,,unisex,,,,no,topNotes; heartNotes; baseNotes; scentFamily,https://justmyscent.online/products/so-scandal,needs-owner-review,
silver-mountain-water,Silver Mountain Water,Silver Mountain Water,,,,,unisex,,,,no,topNotes; heartNotes; baseNotes; scentFamily,https://justmyscent.online/products/silver-mountain-water,needs-owner-review,
rose-gold,Rose Gold,Rose Gold,,,,,unisex,,,,no,topNotes; heartNotes; baseNotes; scentFamily,https://justmyscent.online/products/rose-gold,needs-owner-review,
si,Si',Si',Cassis,May Rose; Freesia,Vanilla; Patchouli; Woody Notes; Ambroxan.,,women,,,,no,scentFamily,https://justmyscent.online/products/si,needs-owner-review,
rockin-rio,Rockin Rio,Rockin Rio,Pineapple; Papaya; Mandarin Orange,Peach; Sugar Cane,Coconut; Sandalwood; Musk.,,women,,,,no,scentFamily,https://justmyscent.online/products/rockin-rio,needs-owner-review,
smelling-is-believing-sample-pack-women,Smelling is Believing Sample Pack (Women),Smelling is Believing Sample Pack (Women),,,,,women,,,,no,topNotes; heartNotes; baseNotes; scentFamily,https://justmyscent.online/products/smelling-is-believing-sample-pack-women,needs-owner-review,
butt-naked-original,Butt Naked- Original,Butt Naked- Original,,,,,women,,,,no,topNotes; heartNotes; baseNotes; scentFamily,https://justmyscent.online/products/butt-naked-original,needs-owner-review,
lick-me-all-over-1,Lick Me All Over,Lick Me All Over,Fresh grapefruit; kumquat. It has a floral heart notes of exotic jasmine; soft violet. It's juicy base notes of fresh raspberry; cantaloupe; watermelon. It's passionate; seductive.,,,,women,,,,no,heartNotes; baseNotes; scentFamily,https://justmyscent.online/products/lick-me-all-over-1,needs-owner-review,
summer-festival-escada,Summer Festival (Escada),Summer Festival (Escada),,,,,women,,,,no,topNotes; heartNotes; baseNotes; scentFamily,https://justmyscent.online/products/summer-festival-escada,needs-owner-review,
q-dolce-gabbana,Q (Dolce & Gabbana),Q (Dolce & Gabbana),,,,,women,,,,no,topNotes; heartNotes; baseNotes; scentFamily,https://justmyscent.online/products/q-dolce-gabbana,needs-owner-review,
purple-label-ralph-lauren,Purple Label (Ralph Lauren),Purple Label (Ralph Lauren),,,,,men,,,,no,topNotes; heartNotes; baseNotes; scentFamily,https://justmyscent.online/products/purple-label-ralph-lauren,needs-owner-review,
prada-candy-prada,Prada Candy (Prada),Prada Candy (Prada),Caramel Middle notes are: Powdery Notes; Musk Base notes are: Benzoin; Vanilla.,,,,women,,,,no,heartNotes; baseNotes; scentFamily,https://justmyscent.online/products/prada-candy-prada,needs-owner-review,
portrait-of-a-lady-frederic-malle,Portrait of a Lady (Frederic Malle),Portrait of a Lady (Frederic Malle),,,,,women,,,,no,topNotes; heartNotes; baseNotes; scentFamily,https://justmyscent.online/products/portrait-of-a-lady-frederic-malle,needs-owner-review,
polo-black-ralph-lauren,Polo Black (Ralph Lauren),Polo Black (Ralph Lauren),Iced Mango; Spanish sage; Green effervescent accord,Silver armoise; Hedione; nutmeg Base notes Sandalwood; Timberol; Tonka bean The opening features a mango note; that is accompanied by an underlying woodsy spice; with patchouli; sage notes. The drydown features a fresh; fruity; blast of mango followed by a hint of spiciness; citrusy tangerine.,,,men,,,,no,baseNotes; scentFamily,https://justmyscent.online/products/polo-black-ralph-lauren,needs-owner-review,
polo-blue-ralph-lauren-men,Polo Blue (Ralph Lauren) Men,Polo Blue (Ralph Lauren) Men,,,,,men,,,,no,topNotes; heartNotes; baseNotes; scentFamily,https://justmyscent.online/products/polo-blue-ralph-lauren-men,needs-owner-review,
polo-67-ralph-lauren,Polo 67 (Ralph Lauren),Polo 67 (Ralph Lauren),,,,,men,,,,no,topNotes; heartNotes; baseNotes; scentFamily,https://justmyscent.online/products/polo-67-ralph-lauren,needs-owner-review,
play-givenchy-men,Play (Givenchy) Men,Play (Givenchy) Men,,,,,men,,,,no,topNotes; heartNotes; baseNotes; scentFamily,https://justmyscent.online/products/play-givenchy-men,needs-owner-review,
pink-sugar-aquolina,Pink Sugar (Aquolina),Pink Sugar (Aquolina),,,,,women,,,,no,topNotes; heartNotes; baseNotes; scentFamily,https://justmyscent.online/products/pink-sugar-aquolina,needs-owner-review,
phantom-paco-rabanne,Phantom (Paco Rabanne),Phantom (Paco Rabanne),,,,,men,,,,no,topNotes; heartNotes; baseNotes; scentFamily,https://justmyscent.online/products/phantom-paco-rabanne,needs-owner-review,
paradoxe-prada,Paradoxe (Prada),Paradoxe (Prada),,,,,women,,,,no,topNotes; heartNotes; baseNotes; scentFamily,https://justmyscent.online/products/paradoxe-prada,needs-owner-review,
original-santal-creed,Original Santal (CREED),Original Santal (CREED),,,,,unisex,,,,no,topNotes; heartNotes; baseNotes; scentFamily,https://justmyscent.online/products/original-santal-creed,needs-owner-review,
perfect-marc-jacobs,Perfect (Marc Jacobs)-type,Perfect (Marc Jacobs)-type,,,,,women,,,,no,topNotes; heartNotes; baseNotes; scentFamily,https://justmyscent.online/products/perfect-marc-jacobs,needs-owner-review,
princess-vera-wang,Princess (Vera Wang),Princess (Vera Wang),,,,,women,,,,no,topNotes; heartNotes; baseNotes; scentFamily,https://justmyscent.online/products/princess-vera-wang,needs-owner-review,
olympea-paco-rabanne,Olympea (Paco Rabanne),Olympea (Paco Rabanne),,,,,women,,,,no,topNotes; heartNotes; baseNotes; scentFamily,https://justmyscent.online/products/olympea-paco-rabanne,needs-owner-review,
nuit-dissey-issey-miyake,Nuit D'Issey (Issey Miyake),Nuit D'Issey (Issey Miyake),,,,,men,,,,no,topNotes; heartNotes; baseNotes; scentFamily,https://justmyscent.online/products/nuit-dissey-issey-miyake,needs-owner-review,
nomade-absolu-de-parfum-chloe,Nomade Absolu de Parfum (Chloe),Nomade Absolu de Parfum (Chloe),,,,,women,,,,no,topNotes; heartNotes; baseNotes; scentFamily,https://justmyscent.online/products/nomade-absolu-de-parfum-chloe,needs-owner-review,
inspired-by-myriad-louis-vuitton,Myriad (Louis Vuitton),Myriad (Louis Vuitton),,,,,unisex,,,,no,topNotes; heartNotes; baseNotes; scentFamily,https://justmyscent.online/products/inspired-by-myriad-louis-vuitton,needs-owner-review,
untitled-apr19_00-29,Viva La Juicy (Juicy Couture) type,Viva La Juicy (Juicy Couture) Type,,,,,women,,,,no,topNotes; heartNotes; baseNotes; scentFamily,https://justmyscent.online/products/untitled-apr19_00-29,needs-owner-review,
flowerbomb-tiger-lily-viktor-rolf-type-1,Flowerbomb Tiger Lily (Viktor & Rolf) type,Flowerbomb Tiger Lily (Viktor & Rolf) Type,,,,,women,,,,no,topNotes; heartNotes; baseNotes; scentFamily,https://justmyscent.online/products/flowerbomb-tiger-lily-viktor-rolf-type-1,needs-owner-review,
nobile-gucci,Nobile- GUCCI,Nobile- GUCCI,Bergamot; Lavender; Rosemary; Tarragon; Nutmeg Flower; Lemon;,Balsam Fir; Green Notes; Jasmine; Geranium; Rose; Cyclamen; Carnation,Oakmoss; Sandalwood; Vetiver; Patchouli; Cedar; Musk; Amber; Tonka Bean.,,men,,,,no,scentFamily,https://justmyscent.online/products/nobile-gucci,needs-owner-review,
narciso-rodriquez,Narciso Rodriquez,Narciso Rodriquez,,,,,women,,,,no,topNotes; heartNotes; baseNotes; scentFamily,https://justmyscent.online/products/narciso-rodriquez,needs-owner-review,
monogram-ralph-lauren-0type,Monogram -(Ralph Lauren) -type,Monogram -(Ralph Lauren) Type,,,,Woody,men,,,,no,topNotes; heartNotes; baseNotes,https://justmyscent.online/products/monogram-ralph-lauren-0type,needs-owner-review,
mon-parisyves-saint-laurent-type,Mon Paris(Yves Saint Laurent)-type,Mon Paris(Yves Saint Laurent)-type,Strawberry; Raspberry; Pear; Orange; Tangerine; Calabrian bergamot; Calone,Peony; Jasmine Sambac; Chinese Jasmine; Datura; Orange Blossom;,Indonesian Patchouli Leaf; Patchouli; White Musk; Vanila; Ambroxan; Moss; Cedar.,Chypre Fruity,women,,,,yes,,https://justmyscent.online/products/mon-parisyves-saint-laurent-type,quiz-ready,
modern-muse-estee-lauder-type,Modern Muse (Estee Lauder)-type,Modern Muse (Estee Lauder)-type,Mandarin Orange,Jasmine Sambac; Chinese Jasmine; Lily; Honeysuckle; Flower Petals; Tuberose,Musk; Woody Notes; Patchouli; Patchouli Leaf; Amber; Madagascar Vanilla.,,women,,,,no,scentFamily,https://justmyscent.online/products/modern-muse-estee-lauder-type,needs-owner-review,
missing-person-phlur,Missing Person (Phlur) -type,Missing Person (Phlur) Type,Musk; Bergamot; Jasmine,Neroli; Cyclamen; Orange Blossom,White Musk; Australian Sandalwood; White Wood.,Floral Woody Musk,women,,,,yes,,https://justmyscent.online/products/missing-person-phlur,quiz-ready,
miss-dior-cherie-c-dior-type,Miss Dior Cherie (C. Dior)-type,Miss Dior Cherie (C. Dior)-type,Cherry; Strawberry; Pineapple; Mandarin Orange,Popcorn; Caramel; Rose; Jasmine; Violet,Patchouli; Musk; Amber.,Chypre Fruity,women,,,,yes,,https://justmyscent.online/products/miss-dior-cherie-c-dior-type,quiz-ready,
michael-kors-white-m-j-type,Michael Kors White (M.J.) -type,Michael Kors White (M.J.) Type,Aldehydes; Freesia; Ylang-Ylang; Green Notes; Violet Leaves,Egyptian Jasmine; Tuberose; Gardenia; Peony,White Musk; Cedar; Vanilla; Tonka Bean; Amber.,Floral,women,,,,yes,,https://justmyscent.online/products/michael-kors-white-m-j-type,quiz-ready,
miss-dior-c-dior-type,Miss Dior (C. Dior)-type,Miss Dior (C. Dior)-type,Aldehydes; Galbanum; Clary Sage; Gardenia; Bergamot,Narcissus; Iris; Carnation; Orris Root; Lily-of-the-Valley; Jasmine; Rose; Neroli,Oakmoss; Leather; Vetiver; Patchouli; Labdanum; Sandalwood; Amber,Chypre Floral,women,,,,yes,,https://justmyscent.online/products/miss-dior-c-dior-type,quiz-ready,
magnetism-escada-type,Magnetism (Escada)-type,Magnetism (Escada)-type,Red Berries; Black Currant; Cassia; Litchi; Pineapple; Melon,Green Leaves; Basil; Almond Blossom; Iris; Freesia; Heliotrope; Jasmine; Magnolia; Rose; Caraway; Lily-of-the-Valley,Caramel; Vanilla; Patchouli; Benzoin; Sandalwood; Musk; Amber; Vetiver.,Oriental Vanilla,women,,,,yes,,https://justmyscent.online/products/magnetism-escada-type,quiz-ready,
michael-kors-white-type,Michael Kors White- type,Michael Kors White- Type,Aldehydes; Freesia; Ylang-Ylang; Green Notes; Violet Leaves,Egyptian Jasmine; Tuberose; Gardenia; Peony,White Musk; Cedar; Vanilla; Tonka Bean; Amber.,Floral,women,,,,yes,,https://justmyscent.online/products/michael-kors-white-type,quiz-ready,
marc-jacobs-type,Marc Jacobs- (type),Marc Jacobs- (type),Gardenia; Bergamot,Tuberose; Jasmine; Honeysuckle; White Pepper,Ginger; Cedar; Musk.,Floral Green,women,,,,yes,,https://justmyscent.online/products/marc-jacobs-type,quiz-ready,
madison-avenue-bond-no-9-type,Madison Avenue (Bond No.9)- type,Madison Avenue (Bond No.9)- Type,Blackberry; Apple; Bergamot,Rose; Magnolia; Jasmine,Patchouli; Praline; Ambroxan.,Chypre Floral,women,,,,yes,,https://justmyscent.online/products/madison-avenue-bond-no-9-type,quiz-ready,
limmensite-louis-vuitton-type,L'Immensite (Louis Vuitton)-type,L'Immensite (Louis Vuitton)-type,Grapefruit; Ginger; Bergamot,Water Notes; Sage; Rosemary; Geranium,Ambroxan; Amber; Labdanum.,,men,,,,no,scentFamily,https://justmyscent.online/products/limmensite-louis-vuitton-type,needs-owner-review,
love-dont-be-shy-kilian-type,Love Don't Be Shy (Kilian)- type,Love Don't Be Shy (Kilian)- Type,Neroli; Bergamot; Pink Pepper; Coriander,Orange Blossom; Honeysuckle; Jasmine; Iris; Rose; Marshmallow,Sugar; Vanilla; Caramel; Musk; Civet; Labdanum.,Oriental,women,,,,yes,,https://justmyscent.online/products/love-dont-be-shy-kilian-type,quiz-ready,
light-blue-dolcce-gabbana-type,Light Blue (Dolce & Gabbana)- type,Light Blue (Dolce & Gabbana)- Type,Grapefruit; Bergamot; Sicilian Mandarin; Juniper,Pepper; Rosemary; Brazilian Rosewood,Musk; Incense; Oakmoss.,,men,,,,no,scentFamily,https://justmyscent.online/products/light-blue-dolcce-gabbana-type,needs-owner-review,
light-blue-dolce-gabbana-type,Light Blue (Dolce & Gabbana) - type,Light Blue (Dolce & Gabbana) Type,Sicilian Lemon; Apple; Cedar; Bellflower,Bamboo; Jasmine; White Rose,Cedar; Musk; Amber,,women,,,,no,scentFamily,https://justmyscent.online/products/light-blue-dolce-gabbana-type,needs-owner-review,
libre-intense-yves-saint-laurent-type,Libre Intense (Yves Saint Laurent) - type,Libre Intense (Yves Saint Laurent) Type,Lavender; Mandarin Orange; Bergamot,Lavender; Tunisian Orange Blossom; Jasmine Sambac; Orchid,Madagascar Vanilla; Tonka Bean; Ambergris; Vetiver.,Oriental Fougere,women,,,,yes,,https://justmyscent.online/products/libre-intense-yves-saint-laurent-type,quiz-ready,
libre-yves-saint-laurent-tyoe,Libre (Yves Saint Laurent)- tyoe,Libre (Yves Saint Laurent)- tyoe,,,,,women,,,,no,topNotes; heartNotes; baseNotes; scentFamily,https://justmyscent.online/products/libre-yves-saint-laurent-tyoe,needs-owner-review,
lady-million-fabulous-type,Lady Million Fabulous- type,Lady Million Fabulous- Type,Mandarin Orange; Pink Pepper,Tuberose; Solar Notes; Jasmine; Ylang-Ylang,Vanilla; Tonka Bean; Moss.,Oriental Floral,women,,,,yes,,https://justmyscent.online/products/lady-million-fabulous-type,quiz-ready,
lady-million-type,Lady Million -type,Lady Million Type,Raspberry; Neroli; Amalfi Lemon,Jasmine; African Orange Flower; Gardenia base notes are White Honey; Patchouli; Amber.,,Floral Fruity,women,,,,yes,baseNotes,https://justmyscent.online/products/lady-million-type,quiz-ready,
lacoste-type,Lacoste- type,Lacoste- Type,Lime; Lavender; Bergamot; Lemon; Clary Sage,Basil; Green Notes; Geranium; Jasmine; Carnation; Galbanum,Oakmoss; Vetiver; Cedar; Musk; Tonka Bean; Amber.,Woody Aromatic,men,,,,yes,,https://justmyscent.online/products/lacoste-type,quiz-ready,
la-vie-est-belle-lancome-type,La Vie Est Belle (Lancome)-type,La Vie Est Belle (Lancome)-type,Black Currant; Pear,Iris; Jasmine; Orange Blossom,Praline; Vanilla; Patchouli; Tonka Bean.,,women,,,,no,scentFamily,https://justmyscent.online/products/la-vie-est-belle-lancome-type,needs-owner-review,
vanilla-love-jimmy-choo-type,Vanilla Love (Jimmy Choo)- type,Vanilla Love (Jimmy Choo)- Type,Black Pepper; Myrrh; Apple,Vanilla; Tonka Bean; Patchouli,Toffee; Saffron; Amber.,Oriental Vanilla,women,,,,yes,,https://justmyscent.online/products/vanilla-love-jimmy-choo-type,quiz-ready,
lick-me-all-over,Ralph's Club (Ralph Lauren),Ralph's Club (Ralph Lauren),Lavender; Clary Sage,Virginia Cedar Bottom Notes: Vetiver,,,women,,,,no,baseNotes; scentFamily,https://justmyscent.online/products/lick-me-all-over,needs-owner-review,
juicy-courture-type,Juicy Courture-type,Juicy Courture-type,Watermelon; Passionfruit; Hyacinth; Marigold; Green Apple; Green Leaves; Mandarin Orange,Tuberose; Lily; Rose Hip,Creme Brulee; Caramel; Vanilla; Precious Woods; Patchouli.,Floral Fruity,women,,,,yes,,https://justmyscent.online/products/juicy-courture-type,quiz-ready,
joy-dior-type,Joy Dior-type,Joy Dior-type,Candied Orange; Orange,Toffee; Orchid,Patchouli; Sandalwood.,Chypre,women,,,,yes,,https://justmyscent.online/products/joy-dior-type,quiz-ready,
jimmy-choo-stars-type,Jimmy Choo Stars-type,Jimmy Choo Stars-type,Candied Orange; Orange,Toffee; Orchid Base notes are Patchouli; Sandalwood.,,Chypre,women,,,,yes,baseNotes,https://justmyscent.online/products/jimmy-choo-stars-type,quiz-ready,
jimmy-choo-man-intense-type,Jimmy Choo Man Intense-type,Jimmy Choo Man Intense-type,Melon; Lavender; Mandarin Orange,Black Pepper; Geranium; Artemisia,Tonka Bean; Patchouli; Labdanum.,,men,,,,no,scentFamily,https://justmyscent.online/products/jimmy-choo-man-intense-type,needs-owner-review,
jimmy-choo-man-type,Jimmy Choo Man-type,Jimmy Choo Man-type,,,,Aromatic Fruity,men,,,,no,topNotes; heartNotes; baseNotes,https://justmyscent.online/products/jimmy-choo-man-type,needs-owner-review,
jimmy-choo-fever-type,Jimmy Choo Fever-type,Jimmy Choo Fever-type,Plum; Litchi; Grapefruit,Heliotrope; Vanilla Orchid; Jasmine; Orange Blossom,Tonka Bean; Vanilla; Benzoin; Coffee; Hazelnut; Sandalwood.,Oriental Vanilla,women,,,,yes,,https://justmyscent.online/products/jimmy-choo-fever-type,quiz-ready,
jimmy-choo-exotic-type,Jimmy Choo Exotic- type,Jimmy Choo Exotic- Type,Black Currant; Pink Grapefruit,Passion Flower; Orchid; Floral Notes,Raspberry; Patchouli.,Floral Fruity,women,,,,yes,,https://justmyscent.online/products/jimmy-choo-exotic-type,quiz-ready,
jadore-dior-type,J'Adore (Dior)-type,J'Adore (Dior)-type,Pear; Melon; Magnolia; Peach; Mandarin Orange; Bergamot,Jasmine; Lily-of-the-Valley; Tuberose; Freesia; Rose; Orchid; Plum; Violet,Musk; Vanilla; Cedar; Blackberry.,Floral Fruity,women,,,,yes,,https://justmyscent.online/products/jadore-dior-type,quiz-ready,
invictus-victory-elixir-paco-rabanne-type,Invictus Victory Elixir- (Paco Rabanne)-type,Invictus Victory Elixir- (Paco Rabanne)-type,Lavender; Cardamom; Black Pepper,Incense; Patchouli Base notes are Vanilla Pod; Tonka Bean.,,Oriental Woody,men,,,,yes,baseNotes,https://justmyscent.online/products/invictus-victory-elixir-paco-rabanne-type,quiz-ready,
imagination-louis-vuitton-type,Imagination (Louis Vuitton)-type,Imagination (Louis Vuitton)-type,Citron; Calabrian bergamot; Sicilian Orange,Tunisian Neroli; Nigerian Ginger; Ceylon Cinnamon,Chinese Black Tea; Ambroxan; Guaiac Wood; Olibanum.,Citrus Aromatic,men,,,,yes,,https://justmyscent.online/products/imagination-louis-vuitton-type,quiz-ready,
irresistible-givenchy-type,Irresistible (Givenchy)-type,Irresistible (Givenchy)-type,Pear; Ambrette (Musk Mallow),Rose; Iris,Musk; Virginia Cedar.,Floral Fruity,women,,,,yes,,https://justmyscent.online/products/irresistible-givenchy-type,quiz-ready,
illicit-jimmy-choo-type,Illicit (Jimmy Choo)-type,Illicit (Jimmy Choo)-type,,Jasmine Sambac; Orange Blossom; Rose,Honey; Amber; Caramel; Vanilla; Sandalwood; Cashmere Wood.,Floral,women,,,,yes,topNotes,https://justmyscent.online/products/illicit-jimmy-choo-type,quiz-ready,
i-want-choo-jimmy-choo-type,I Want Choo (Jimmy Choo)- type,I Want Choo (Jimmy Choo)- Type,Peach; Mandarin Orange,Jasmine; Red Lily,Vanilla.,Oriental Floral,women,,,,yes,,https://justmyscent.online/products/i-want-choo-jimmy-choo-type,quiz-ready,
honey-marc-jacobs-type,Honey (Marc Jacobs)-type,Honey (Marc Jacobs)-type,Punch; Pear; Mandarin Orange,Honeysuckle; Orange Blossom; Peach,Honey; Vanilla; Woodsy Notes,Floral Fruity,women,,,,yes,,https://justmyscent.online/products/honey-marc-jacobs-type,quiz-ready,
hero-burberry-type,HERO (Burberry) -type,HERO (Burberry) Type,Bergamot,Juniper; Black Pepper,Atlas Cedar; Virginian Cedar; Himalayan Cedar.,Woody Spicy,men,,,,yes,,https://justmyscent.online/products/hero-burberry-type,quiz-ready,
her-burberry-type,HER (Burberry)-type,HER (Burberry)-type,,,,,women,,,,no,topNotes; heartNotes; baseNotes; scentFamily,https://justmyscent.online/products/her-burberry-type,needs-owner-review,
heavenly-dream-angel-v-secret-type,Heavenly Dream Angel (V. Secret)- type,Heavenly Dream Angel (V. Secret)- Type,Raspberry; Strawberry; Mandarin Orange.,Musk; Floral,Crystal Amber; Vanilla; Tonka Bean,,women,,,,no,scentFamily,https://justmyscent.online/products/heavenly-dream-angel-v-secret-type,needs-owner-review,
happy-clinique-mtype,Irresistible (Givenchy)-type,Irresistible (Givenchy)-type,,,,,women,,,,no,topNotes; heartNotes; baseNotes; scentFamily,https://justmyscent.online/products/happy-clinique-mtype,needs-owner-review,
happy-clinique-type,Happy (Clinique)- type,Happy (Clinique)- Type,Mandarin Orange; Lime; Sea Notes; Lemon; Green Notes;,Freesia; Jasmine; Lily-of-the-Valley; Rose,Cypress; Musk; Cedar; Guaiac Wood.,Citrus Aromatic,men,,,,yes,,https://justmyscent.online/products/happy-clinique-type,quiz-ready,
gucci-guilty-type,Gucci Guilty-type,Gucci Guilty-type,,,,,women,,,,no,topNotes; heartNotes; baseNotes; scentFamily,https://justmyscent.online/products/gucci-guilty-type,needs-owner-review,
gucci-premiere-gucci-type,Gucci Premiere (Gucci)- type,Gucci Premiere (Gucci)- Type,Bergamot; Blackberry,White Flowers; Musk; Orange Blossom,Woody Notes; Sandalwood; Patchouli.,Floral Woody Musk,women,,,,yes,,https://justmyscent.online/products/gucci-premiere-gucci-type,quiz-ready,
gucci-pour-homme-ii-gucci-type,Gucci Pour Homme II (Gucci) - type,Gucci Pour Homme II (Gucci) Type,Violet Leaf; Bergamot,Black Tea; Cinnamon; Pimento,Tobacco Leaf; Myrrh; Musk; Olive Tree.,Woody Spicy,men,,,,yes,,https://justmyscent.online/products/gucci-pour-homme-ii-gucci-type,quiz-ready,
gucci-type,Gucci -type,Gucci Type,Aldehydes; Hyacinth; Geranium; Palisander Rosewood; Bergamot; Green Notes; Amalfi Lemon,Carnation; Rose; Ylang-Ylang; Heliotrope; Lilac; Iris; Jasmine; Lily-of-the-Valley; Neroli; Orchid,Oak moss; Amber; Benzoin; Virginia Cedar; Musk; Sandalwood; Vetiver; Tonka Bean; Patchouli; Vanille.,Chypre Floral,women,,,,yes,,https://justmyscent.online/products/gucci-type,quiz-ready,
gucci-bamboo-gucci-type,Gucci Bamboo (Gucci)-type,Gucci Bamboo (Gucci)-type,Bergamot,Casablanca Lily; Ylang-Ylang; Orange Blossom,Sandalwood; Tahitian Vanilla; Amber.,,women,,,,no,scentFamily,https://justmyscent.online/products/gucci-bamboo-gucci-type,needs-owner-review,
green-irish-tweed-creed-type,Green Irish Tweed (Creed)-type,Green Irish Tweed (Creed)-type,Lemon Verbena; Iris,Violet Leaf,Ambergris; Sandalwood.,Woody Floral Musk,men,,,,yes,,https://justmyscent.online/products/green-irish-tweed-creed-type,quiz-ready,
good-girl-legere-carolina-herrera-type,Good Girl Legere (Carolina Herrera)-type,Good Girl Legere (Carolina Herrera)-type,Ylang-Ylang; Mandarin Orange; Bergamot; Lemon,Tuberose; Jasmine; Orange Blossom; Bulgarian Rose,Dulce de leche; Praline; Tonka Bean; Cinnamon; Cashmirwood; Sandalwood; Musk; Amber; Patchouli; Cedar.,,women,,,,no,scentFamily,https://justmyscent.online/products/good-girl-legere-carolina-herrera-type,needs-owner-review,
good-girl-carolina-herrera-type,Good Girl (Carolina Herrera) - type,Good Girl (Carolina Herrera) Type,Almond; Coffee; Bergamot; Lemon,Tuberose; Jasmine Sambac; Orange Blossom; Bulgarian Rose; Orris,Tonka Bean; Cacao; Vanilla; Praline; Sandalwood; Musk; Amber; Cashmere Wood; Patchouli; Cinnamon; Cedar.,,women,,,,no,scentFamily,https://justmyscent.online/products/good-girl-carolina-herrera-type,needs-owner-review,
good-fortune-viktor-rolf-type,Good Fortune (Viktor & Rolf)- type,Good Fortune (Viktor & Rolf)- Type,Fennel; Gentiana,Jasmine,Madagascar Vanilla.,,women,,,,no,scentFamily,https://justmyscent.online/products/good-fortune-viktor-rolf-type,needs-owner-review,
givenchy-blue-label-givenchy-type,Givenchy Blue Label (Givenchy)-type,Givenchy Blue Label (Givenchy)-type,Grapefruit; Bergamot,Pepper; Lavender; Cardamom; Artemisia,Cedar; Vetiver; Olibanum.,,men,,,,no,scentFamily,https://justmyscent.online/products/givenchy-blue-label-givenchy-type,needs-owner-review,
flowerbomb-ruby-orchid-viktor-rolf-type,Flowerbomb Ruby Orchid (VIktor & Rolf)- type,Flowerbomb Ruby Orchid (VIktor & Rolf)- Type,Peach; Vine,Orchid,Vanilla Bean.,,women,,,,no,scentFamily,https://justmyscent.online/products/flowerbomb-ruby-orchid-viktor-rolf-type,needs-owner-review,
flowerbomb-midnight-viktor-rolf-type,Flowerbomb Midnight (Viktor & Rolf)-type,Flowerbomb Midnight (Viktor & Rolf)-type,Black Currant; Pomegranate,Night Blooming Jasmine; Peony,White Musk; Vanilla.,,women,,,,no,scentFamily,https://justmyscent.online/products/flowerbomb-midnight-viktor-rolf-type,needs-owner-review,
flowerbomb-viktor-rolf-type,Flowerbomb (Viktor & Rolf)-type,Flowerbomb (Viktor & Rolf)-type,,,,,women,,,,no,topNotes; heartNotes; baseNotes; scentFamily,https://justmyscent.online/products/flowerbomb-viktor-rolf-type,needs-owner-review,
flora-gucci-type,Flora (Gucci)- type,Flora (Gucci)- Type,,,,,women,,,,no,topNotes; heartNotes; baseNotes; scentFamily,https://justmyscent.online/products/flora-gucci-type,needs-owner-review,
michelle-obama,Michelle Obama,Michelle Obama,,,,,women,,,,no,topNotes; heartNotes; baseNotes; scentFamily,https://justmyscent.online/products/michelle-obama,needs-owner-review,
fame-paco-rabanne-type,FAME (Paco Rabanne) - type,FAME (Paco Rabanne) Type,,Jasmine; incense,Vanilla; sandalwood Suggestion: Some say the perfume is feminine; sweet; natural. Others describe it as a sweet floral fragrance with similarities to other jasmine; vanilla combinations. It is light enough to wear to work; but has enough depth to last all day.,,women,,,,no,topNotes; scentFamily,https://justmyscent.online/products/fame-paco-rabanne-type,needs-owner-review,
euphoria-calvin-klein,Euphoria (Calvin Klein),Euphoria (Calvin Klein),,,,,men,,,,no,topNotes; heartNotes; baseNotes; scentFamily,https://justmyscent.online/products/euphoria-calvin-klein,needs-owner-review,
euphoria-calvin-klein-type,Euphoria (Calvin Klein) -type,Euphoria (Calvin Klein) Type,,,,,women,,,,no,topNotes; heartNotes; baseNotes; scentFamily,https://justmyscent.online/products/euphoria-calvin-klein-type,needs-owner-review,
eros-pour-femme-versace-type,Eros pour Femme (Versace)- type,Eros pour Femme (Versace)- Type,Sicilian lemon; Calabrian bergamot; pomegranate,Jasmine; peony; lemon blossom,Sandalwood; musk; woody notes Suggestion: Some say the perfume is strong; elegant; refined. Others describe it as clean; fresh; sexy. Some say it's not too sweet; but bold.,,women,,,,no,scentFamily,https://justmyscent.online/products/eros-pour-femme-versace-type,needs-owner-review,
erolfa-by-creed-type,Erolfa by (Creed)-type,Erolfa by (Creed)-type,Bergamot; mandarin; basil; cumin; lemon; melon; orange; rosemary; violet,Coriander; cyclamen; ginger; jasmine; pepper,Sandalwood; cedarwood; musk Suggestion: Some say Erolfa is a great scent for warm weather; spring; summer. Others describe it as invigorating; comforting; well suited to all seasons,,men,,,,no,scentFamily,https://justmyscent.online/products/erolfa-by-creed-type,needs-owner-review,
eros-inspired-by-versace,Eros inspired by (Versace),Eros inspired by (Versace),,,,,men,,,,no,topNotes; heartNotes; baseNotes; scentFamily,https://justmyscent.online/products/eros-inspired-by-versace,needs-owner-review,
egyptian-musk,Egyptian Musk,Egyptian Musk,,,,,unisex,,,,no,topNotes; heartNotes; baseNotes; scentFamily,https://justmyscent.online/products/egyptian-musk,needs-owner-review,
dreamer-inspired-by-versace,Dreamer inspired by (Versace),Dreamer inspired by (Versace),Clary sage; Lavender; Mandarin. Geranium; Rose; Tobacco are in its heart ending with a trail of cedar; Tonka Bean. Suggestion: Its scent silhouette this is a fragrance to be used day; night; in any season. This fragrance is recommended for men between 30; 50 years old; a fresh; penetrating fragrance with a classical; timeless silhouette.,,,,men,,,,no,heartNotes; baseNotes; scentFamily,https://justmyscent.online/products/dreamer-inspired-by-versace,needs-owner-review,
dot-marc-jacobs-type,DOT (Marc Jacobs)-type,DOT (Marc Jacobs)-type,,,,,women,,,,no,topNotes; heartNotes; baseNotes; scentFamily,https://justmyscent.online/products/dot-marc-jacobs-type,needs-owner-review,
dolce-garden-dolce-gabbana-type,Dolce Garden (Dolce & Gabbana)-type,Dolce Garden (Dolce & Gabbana)-type,,,,,women,,,,no,topNotes; heartNotes; baseNotes; scentFamily,https://justmyscent.online/products/dolce-garden-dolce-gabbana-type,needs-owner-review,
dolce-gabbana-dolce-gabbana-type,Dolce & Gabbana (Dolce & Gabbana) -type,Dolce & Gabbana (Dolce & Gabbana) Type,Mandarin; bergamot; basil; aldehydes. The,Jasmine; carnation; orange blossom; lily.,Sandalwood; vanilla; Tonka; musk.,,women,,,,no,scentFamily,https://justmyscent.online/products/dolce-gabbana-dolce-gabbana-type,needs-owner-review,
delina-parfums-de-marly-type,Delina (Parfums de Marly)-type,Delina (Parfums de Marly)-type,Litchi; Rhubarb; Bergamot; Nutmeg,Turkish Rose; Peony; Musk; Petalia; Vanilla,Cashmeran; Incense; Cedar; Haitian Vetiver.,Floral,women,,,,yes,,https://justmyscent.online/products/delina-parfums-de-marly-type,quiz-ready,
daisy-eau-so-fresh-marc-jacobs-type,Daisy Eau So Fresh (Marc Jacobs)-type,Daisy Eau So Fresh (Marc Jacobs)-type,Green Notes; Raspberry; Pear; Grapefruit,Violet; Litchi; Apple Blossom; Rose; Jasmine,Musk; Plum; Virginia Cedar.,Floral Fruity,women,,,,yes,,https://justmyscent.online/products/daisy-eau-so-fresh-marc-jacobs-type,quiz-ready,
daisy-dream-marc-jacobs-type,Daisy Dream (Marc Jacobs)-type,Daisy Dream (Marc Jacobs)-type,Blackberry; Pear; Grapefruit,Wisteria; Litchi; Jasmine,Musk; White Wood; Coconut Water.,Floral Fruity,women,,,,yes,,https://justmyscent.online/products/daisy-dream-marc-jacobs-type,quiz-ready,
daisy-marc-jacobs-type,Daisy (Marc Jacobs)-type,Daisy (Marc Jacobs)-type,Violet Leaf; Blood Grapefruit; Strawberry,Violet; Gardenia; Jasmine,Musk; White Woods; Vanilla.,Floral Woody Musk,women,,,,yes,,https://justmyscent.online/products/daisy-marc-jacobs-type,quiz-ready,
beautiful-day-bbw-type,Beautiful Day BBW- type,Beautiful Day BBW- Type,,,,,women,,,,no,topNotes; heartNotes; baseNotes; scentFamily,https://justmyscent.online/products/beautiful-day-bbw-type,needs-owner-review,
sailing-day-maison-margiela-type,Sailing Day (Maison Margiela)- type,Sailing Day (Maison Margiela)- Type,,,,,unisex,,,,no,topNotes; heartNotes; baseNotes; scentFamily,https://justmyscent.online/products/sailing-day-maison-margiela-type,needs-owner-review,
crystal-noir-versace-type,Crystal Noir (Versace) - type,Crystal Noir (Versace) Type,Pepper; Ginger; Cardamom,are Coconut; Gardenia; Orange Blossom; Peony,Sandalwood; Musk; Amber,Oriental Floral,women,,,,yes,,https://justmyscent.online/products/crystal-noir-versace-type,quiz-ready,
cool-water-davidoff-type,Cool Water (Davidoff) -type,Cool Water (Davidoff) Type,Sea water; Lavender; Mint; Green Notes; Rosemary; Calone; Coriander;,Sandalwood; Neroli; Geranium; Jasmine,Musk; Oakmoss; Cedar; Tobacco; Ambergris.,Aromatic Aquatic,men,,,,yes,,https://justmyscent.online/products/cool-water-davidoff-type,quiz-ready,
colonia-acqua-di-parma-type,Colonia (Acqua di Parma)- type,Colonia (Acqua di Parma)- Type,,,,,men,,,,no,topNotes; heartNotes; baseNotes; scentFamily,https://justmyscent.online/products/colonia-acqua-di-parma-type,needs-owner-review,
coco-mademoiselle-chanel-type,CoCo Mademoiselle (Chanel)- type,CoCo Mademoiselle (Chanel)- Type,Orange; Mandarin Orange; Bergamot; Orange Blossom,Turkish Rose; Jasmine; Mimosa; Ylang-Ylang,Patchouli; White Musk; Vanilla; Vetiver; Tonka Bean; Opoponax.,Oriental Floral,women,,,,yes,,https://justmyscent.online/products/coco-mademoiselle-chanel-type,quiz-ready,
coach-love-coach-type,Coach Love (Coach)- type,Coach Love (Coach)- Type,Violet; Blackberry; Freesia; Mandarin Orange,Jasmine; Gardenia; Magnolia,Patchouli; Musk; Sandalwood; Caramel; Vanilla.,Oriental Floral,women,,,,yes,,https://justmyscent.online/products/coach-love-coach-type,quiz-ready,
chrome-azzaro-type,Chrome (Azzaro)- type,Chrome (Azzaro)- Type,Lemon; Rosemary; Bergamot; Neroli; Pineapple,Jasmine; Oakmoss; Cyclamen; Coriander,Musk; Oakmoss; Cedar; Sandalwood; Cardamom; Brazilian Rosewood; Tonka Bean,Citrus Aromatic,men,,,,yes,,https://justmyscent.online/products/chrome-azzaro-type,quiz-ready,
chloe-love-chloe-type,Chloe Love (Chloe)- type,Chloe Love (Chloe)- Type,Pink Pepper; African Orange Flower,Iris; Lilac; Hyacinth; Heliotrope; Wisteria,Powdery Notes; Rice; Musk.,,women,,,,no,scentFamily,https://justmyscent.online/products/chloe-love-chloe-type,needs-owner-review,
chanel-no-5-chanel-type,Chanel No. 5 (Chanel)-type,Chanel No. 5 (Chanel)-type,,Iris; Jasmine; Rose; Orris Root; Lily-of-the-Valley,Civet; Musk; Sandalwood; Amber; Moss; Vanilla; Vetiver; Patchouli.,Floral Aldehyde,women,,,,yes,topNotes,https://justmyscent.online/products/chanel-no-5-chanel-type,quiz-ready,
chance-chanel-type,Chance (Chanel)- type,Chance (Chanel)- Type,,,,Chypre Floral,women,,,,no,topNotes; heartNotes; baseNotes,https://justmyscent.online/products/chance-chanel-type,needs-owner-review,
carolina-herrera-c-herrera-type,Carolina Herrera (C. Herrera)- type,Carolina Herrera (C. Herrera)- Type,Apricot; Orange Blossom; Green Notes; Brazilian Rosewood; Bergamot;,Indian Tuberose; Jasmine; Spanish Jasmine; Ylang-Ylang; Honeysuckle; Narcissus; Hiacynth; Lily-of-the-Valley,Civet; Musk; Oakmoss; Amber; Sandalwood; Vetiver; Cedar.,,men,,,,no,scentFamily,https://justmyscent.online/products/carolina-herrera-c-herrera-type,needs-owner-review,
candy-night-prada-type,Candy Night (Prada) - type,Candy Night (Prada) Type,Iris; Bitter Orange; Neroli,Vanilla; Tonka Bean,Chocolate; Patchouli,Oriental Vanilla,women,,,,yes,,https://justmyscent.online/products/candy-night-prada-type,quiz-ready,
carat-cartier-type,Carat (Cartier)- type,Carat (Cartier)- Type,Green Notes; Pear; Bergamot,Hyacinth; Tulip; Narcissus; Lily; Honeysuckle; Violet; Ylang-Ylang;,are Mimosa; White Musk.,Floral,women,,,,yes,,https://justmyscent.online/products/carat-cartier-type,quiz-ready,
california-dream-l-vuitton,California Dream (L. Vuitton)-type,California Dream (L. Vuitton)-type,,,,Citrus,women,,,,no,topNotes; heartNotes; baseNotes,https://justmyscent.online/products/california-dream-l-vuitton,needs-owner-review,
burberry-touch-burberry-type,Burberry Touch (Burberry) - type,Burberry Touch (Burberry) Type,Red Pepper; Cassia; Blackberry; Cranberry; Black Currant; Rose Oil; Orange,Lily; Peony; Peach; Tuberose; Lily-of-the-Valley; Jasmine; Raspberry;,Cedar; Oakmoss; Vanilla; Green Almond; Tonka Bean,Floral Green,women,,,,yes,,https://justmyscent.online/products/burberry-touch-burberry-type,quiz-ready,
bulgari,Bulgari - type,Bulgari Type,Violet; Carnation; Raspberry; Peach; Coriander; Orange Blossom; Sichuan Pepper; Bergamot,Iris; Bulgarian Rose; Heliotrope; Orris Root; Egyptian Jasmine; Lily-of-the-Valley,Musk; Green Tea; Woody Notes; Sandalwood; Vanilla; Amber; Benzoin; Styrax; Cedar.,Floral,women,,,,yes,,https://justmyscent.online/products/bulgari,quiz-ready,
bright-crystal-versace-type,Bright Crystal (Versace) - type,Bright Crystal (Versace) Type,,,,,women,,,,no,topNotes; heartNotes; baseNotes; scentFamily,https://justmyscent.online/products/bright-crystal-versace-type,needs-owner-review,
brazilian-crush-sol-de-janeiro-type,Brazilian Crush (Sol de Janeiro) - type,Brazilian Crush (Sol de Janeiro) Type,,,,,women,,,,no,topNotes; heartNotes; baseNotes; scentFamily,https://justmyscent.online/products/brazilian-crush-sol-de-janeiro-type,needs-owner-review,
boucheron-type,Boucheron - type,Boucheron Type,,,,,men,,,,no,topNotes; heartNotes; baseNotes; scentFamily,https://justmyscent.online/products/boucheron-type,needs-owner-review,
bombshell-paradise-victoria-secret-type,Bombshell Paradise (Victoria Secret) type,Bombshell Paradise (Victoria Secret) Type,,,,Floral Fruity,women,,,,no,topNotes; heartNotes; baseNotes,https://justmyscent.online/products/bombshell-paradise-victoria-secret-type,needs-owner-review,
bois-du-portugal-creed-type,Bois du Portugal (Creed) - type,Bois du Portugal (Creed) Type,Bergamot,is Lavender,Sandalwood; Cedar; Vetiver; Ambergris.,Oriental Woody,men,,,,yes,,https://justmyscent.online/products/bois-du-portugal-creed-type,quiz-ready,
blue-sugar-aquolina-men,Blue Sugar (Aquolina)- type,Blue Sugar (Aquolina)- Type,Mandarin Orange; Bergamot,Cotton Candy; Licorice; Patchouli; Lavender; Coriander,Star Anise; Tonka Bean; Cedar,Woody and lightly Sweet Aromatic,men,,,,yes,,https://justmyscent.online/products/blue-sugar-aquolina-men,quiz-ready,
bloom-gucci-type,Bloom (Gucci) type,Bloom (Gucci) Type,Jasmine,Tuberose,Rangoon Creeper.,Floral,women,,,,yes,,https://justmyscent.online/products/bloom-gucci-type,quiz-ready,
bleu-de-chanel-chanel-type,Bleu de Chanel (Chanel) type,Bleu de Chanel (Chanel) Type,Grapefruit; Lemon; Mint; Pink Pepper;,Ginger; Nutmeg; Jasmine; Iso E Super,Incense; Vetiver; Cedar; Sandalwood; Patchouli; Labdanum; White Musk.:,Woody Aromatic,men,,,,yes,,https://justmyscent.online/products/bleu-de-chanel-chanel-type,quiz-ready,
white-jasmine-bbw-type,White Jasmine BBW- type,White Jasmine BBW- Type,,,,,women,,,,no,topNotes; heartNotes; baseNotes; scentFamily,https://justmyscent.online/products/white-jasmine-bbw-type,needs-owner-review,
butterfly-bbw-type,Butterfly BBW-type,Butterfly BBW-type,,,,,women,,,,no,topNotes; heartNotes; baseNotes; scentFamily,https://justmyscent.online/products/butterfly-bbw-type,needs-owner-review,
mahogany-coconut-bbw-type,Mahogany Coconut BBW- type,Mahogany Coconut BBW- Type,,,,,women,,,,no,topNotes; heartNotes; baseNotes; scentFamily,https://justmyscent.online/products/mahogany-coconut-bbw-type,needs-owner-review,
black-opium-ysl-type,Black Opium (YSL)- type,Black Opium (YSL)- Type,Pear; Pink Pepper; Orange Blossom,Coffee; Jasmine; Bitter Almond; Licorice,Vanilla; Patchouli; Cashmere Wood; Cedar,Oriental Vanilla,women,,,,yes,,https://justmyscent.online/products/black-opium-ysl-type,quiz-ready,
black-phantom-kilian-type,Black Phantom (Kilian) type,Black Phantom (Kilian) Type,,,,Oriental Vanilla,women,,,,no,topNotes; heartNotes; baseNotes,https://justmyscent.online/products/black-phantom-kilian-type,needs-owner-review,
bitter-peach-tom-ford-type,Bitter Peach (Tom Ford) type,Bitter Peach (Tom Ford) Type,,,,Oriental Vanilla,women,,,,no,topNotes; heartNotes; baseNotes,https://justmyscent.online/products/bitter-peach-tom-ford-type,needs-owner-review,
japanese-cherry-blossom-bbw-type,Japanese Cherry Blossom- BBW type,Japanese Cherry Blossom- BBW Type,,,,,women,,,,no,topNotes; heartNotes; baseNotes; scentFamily,https://justmyscent.online/products/japanese-cherry-blossom-bbw-type,needs-owner-review,
bang-marc-jacobs-type,Bang (Marc Jacobs) type,Bang (Marc Jacobs) Type,,,,Woody Spicy,men,,,,no,topNotes; heartNotes; baseNotes,https://justmyscent.online/products/bang-marc-jacobs-type,needs-owner-review,
baccarat-rouge-540-maison-francis-kurkdjian-type,Baccarat Rouge 540 (Maison Francis Kurkdjian)- type,Baccarat Rouge 540 (Maison Francis Kurkdjian)- Type,Saffron; Jasmine,Amberwood; Ambergris; Hedione,Fir Resin; Cedar; Sugar; Ambroxan; Oakmoss.,Oriental Floral,women,,,,yes,,https://justmyscent.online/products/baccarat-rouge-540-maison-francis-kurkdjian-type,quiz-ready,
baby-powder,Baby Powder Scent,Baby Powder Scent,,,,,women,,,,no,topNotes; heartNotes; baseNotes; scentFamily,https://justmyscent.online/products/baby-powder,needs-owner-review,
aventus-cologne-creed-type,Aventus Cologne (Creed) type,Aventus Cologne (Creed) Type,Mandarin Orange; Ginger; Pink Pepper; Bergamot; Spearmint,Vetiver; Patchouli; Sandalwood; Ozonic notes,Musk; Birch; Tonka Bean; Styrax; Cedar,Aromatic Fruity,men,,,,yes,,https://justmyscent.online/products/aventus-cologne-creed-type,quiz-ready,
aventus-creed-type,Aventus for Her (Creed) type,Aventus for Her (Creed) Type,Green Apple; Bergamot; Lemon; Patchouli; Pink Pepper; Violet,Musk; Rose; Sandalwood; Styrax,are Black Currant; Peach; Amber; Lilac; Ylang-Ylang,Chypre Fruity,women,,,,yes,,https://justmyscent.online/products/aventus-creed-type,quiz-ready,
attrape-reves-louis-vuitton-type,Attrape-Reves (Louis Vuitton) type,Attrape-Reves (Louis Vuitton) Type,Litchi; Ginger; Bergamot,Peony; Turkish Rose; Cacao;,Patchouli.,Oriental Floral,women,,,,yes,,https://justmyscent.online/products/attrape-reves-louis-vuitton-type,quiz-ready,
angel-thierry-muglar-type,Angel (Thierry Muglar) type,Angel (Thierry Muglar) Type,,,,,men,,,,no,topNotes; heartNotes; baseNotes; scentFamily,https://justmyscent.online/products/angel-thierry-muglar-type,needs-owner-review,
angel-thierry-muglar,Angel (Thierry Muglar) Women-type,Angel (Thierry Muglar) Women-type,,,,,women,,,,no,topNotes; heartNotes; baseNotes; scentFamily,https://justmyscent.online/products/angel-thierry-muglar,needs-owner-review,
amber-romance-victoria-secrets-type,Amber Romance (Victoria Secrets) type,Amber Romance (Victoria Secrets) Type,,,,,women,,,,no,topNotes; heartNotes; baseNotes; scentFamily,https://justmyscent.online/products/amber-romance-victoria-secrets-type,needs-owner-review,
amazing-grace-philosophy,Amazing Grace (Philosophy) type,Amazing Grace (Philosophy) Type,Bergamot; Grapefruit; Mandarin Orange,Freesia; Jasmine; Rose Base note is Musk,,,women,,,,no,baseNotes; scentFamily,https://justmyscent.online/products/amazing-grace-philosophy,needs-owner-review,
jms-original-clear-musk,JMS Original- Clear Musk,JMS Original- Clear Musk,,,,,women,,,,no,topNotes; heartNotes; baseNotes; scentFamily,https://justmyscent.online/products/jms-original-clear-musk,needs-owner-review,
amatiage-givenchy-type,Amarige (Givenchy) type,Amarige (Givenchy) Type,Orange Blossom; Peach; Plum; Neroli; Brazilian Rosewood; Violet; Mandarin Orange,Tuberose; Mimosa; Gardenia; Ylang-Ylang; Jasmine; Black locust; Carnation; Black Currant; Red Berries; Rose; Cassia; Orchid;,Sandalwood; Amber; Woody Notes; Vanilla; Musk; Tonka Bean; Cedar,Floral,women,,,,yes,,https://justmyscent.online/products/amatiage-givenchy-type,quiz-ready,
alien-goddess-thierry-muglar-type,Alien Goddess (Thierry Muglar) type,Alien Goddess (Thierry Muglar) Type,Coconut Water; Bergamot,Jasmine; Heliotrope,Bourbon Vanilla; Cashmeran,Oriental Floral,women,,,,yes,,https://justmyscent.online/products/alien-goddess-thierry-muglar-type,quiz-ready,
acqua-di-gioia-g-armani-type,Acqua Di Gioia ( G. Armani) -type,Acqua Di Gioia ( G. Armani) Type,Amalfi Lemon; Mint,Water Jasmine,Virginia Cedar; Brown sugar; French labdanum,Floral Aquatic,women,,,,yes,,https://justmyscent.online/products/acqua-di-gioia-g-armani-type,quiz-ready,
acqua-di-gio-g-armani-type,Acqua Di Gio (G. Armani) type,Acqua Di Gio (G. Armani) Type,Lime; Lemon; Bergamot; Jasmine; Orange; Mandarin Orange; Neroli;,Sea Notes; Jasmine; Calone; Rosemary; Peach; Freesia; Hiacynth; Cyclamen; Violet; Coriander; Rose; Nutmeg; Mignonette,White Musk; Cedar; Oakmoss; Patchouli; Amber.,Aromatic Aquatic,men,,,,yes,,https://justmyscent.online/products/acqua-di-gio-g-armani-type,quiz-ready,
a-touch-of-pink-lacoste,A Touch of Pink (LaCoste) type,A Touch of Pink (LaCoste) Type,B lood orange; coriander leaf; cardamom; peach; followed by jasmine; unexpected carrot; spicy coriander. The woodsy-musk base is softened with vanilla Suggestive: Touch of Pink is fragrance aimed at younger audience.,,,,women,,,,no,heartNotes; baseNotes; scentFamily,https://justmyscent.online/products/a-touch-of-pink-lacoste,needs-owner-review,
1-million-elixer-paco-rabanne-type,1 Million Elixer (Paco Rabanne) type,1 Million Elixer (Paco Rabanne) Type,Apple; Davana;,Damask Rose; Cedar; Osmanthus,Vanilla Absolute; Tonka Bean; Patchouli,Woody Aromatic,men,,,,yes,,https://justmyscent.online/products/1-million-elixer-paco-rabanne-type,quiz-ready,
212-c-herrera-type-1,212 (C.Herrera) type,212 (C.Herrera) Type,Orange Blossom; Cactus Flower; Bergamot; Mandarin Orange,Lily; Freesia; Gardenia; Jasmine; Lily-of-the-Valley; White Camelia; Rose; Peony,Musk; Sandalwood.,Floral Woody Musk,women,,,,yes,,https://justmyscent.online/products/212-c-herrera-type-1,quiz-ready,
212-c-herrera-type,212 (C. Herrera) Men,212 (C. Herrera) Men,,,,Woody Floral Musk,men,,,,no,topNotes; heartNotes; baseNotes,https://justmyscent.online/products/212-c-herrera-type,needs-owner-review,
